<?xml version="1.0" encoding="UTF-8"?>
<project-private xmlns="http://www.netbeans.org/ns/project-private/1">
    <editor-bookmarks xmlns="http://www.netbeans.org/ns/editor-bookmarks/2" lastBookmarkId="0"/>
    <open-files xmlns="http://www.netbeans.org/ns/projectui-open-files/2">
        <group>
            <file>file:/C:/xampp/htdocs/financeiro/public/js/graficos.js</file>
            <file>file:/C:/xampp/htdocs/financeiro/resources/views/movimentacao/movimentacao.blade.php</file>
            <file>file:/C:/xampp/htdocs/financeiro/app/Http/Controllers/MovimentacaoCtrl.php</file>
            <file>file:/C:/xampp/htdocs/financeiro/resources/views/layout/header.blade.php</file>
            <file>file:/C:/xampp/htdocs/financeiro/routes/web.php</file>
            <file>file:/C:/xampp/htdocs/financeiro/resources/views/movimentacao/listaMovimentacao.blade.php</file>
            <file>file:/C:/xampp/htdocs/financeiro/app/Http/Controllers/ContaCtrl.php</file>
            <file>file:/C:/xampp/htdocs/financeiro/public/js/demo/chart-bar-demo.js</file>
            <file>file:/C:/xampp/htdocs/financeiro/public/js/java.js</file>
        </group>
    </open-files>
</project-private>
